{
  "project_info": {
    "project_number": "75507739755",
    "firebase_url": "https://ligthening-application.firebaseio.com",
    "project_id": "ligthening-application",
    "storage_bucket": "ligthening-application.appspot.com"
  },
  "client": [
    {
      "client_info": {
        "mobilesdk_app_id": "1:75507739755:android:eab9e070fa36889d97552e",
        "android_client_info": {
          "package_name": "com.example.lighteningapplication"
        }
      },
      "oauth_client": [
        {
          "client_id": "75507739755-i9rmkonq22eplg28df9e48fajdgd19l9.apps.googleusercontent.com",
          "client_type": 3
        }
      ],
      "api_key": [
        {
          "current_key": "AIzaSyDcfauWd9Zt1fSsqFCpu1O8kCnn-pf0Zss"
        }
      ],
      "services": {
        "appinvite_service": {
          "other_platform_oauth_client": [
            {
              "client_id": "75507739755-i9rmkonq22eplg28df9e48fajdgd19l9.apps.googleusercontent.com",
              "client_type": 3
            }
          ]
        }
      }
    }
  ],
  "configuration_version": "1"
}